class,operational_class,prespecified,regex_uppercase
Ventilation controls absent or substandard,True,True,VENT(ILATION)? CONTROL|BRATTICE|CURTAIN|VENT DOOR|VENTILATION DOOR|DOORS? (LEFT )?OPEN|DOOR.*(BROKEN|NOT WORKING)|WALL (WAS |BROKEN)|NOT SEALED|SEAL OFF|SHORT ?CIRCUIT|NO CONTROLS INSTALLED|NO VENT CONTROLS|VENTILATION LEAKAGE|POOR VENT(ILATION)?|DECREASED VENTILATION|LACK OF VENTILATION|NO VENTILATION PIPES|AIR TO FACE NOT SUFFICIENT|NO FLOW OF AIR|AIR.*INSUFFICIENT|REDUC(ED|ING) AIR|NO AIR|FIXING VENTILATION
"Fan not operating, not installed or obstructed",True,True,"FAN[S]? (WAS |WERE |IS |ARE )?(NOT|DOWN|TRIPPING|MALFUNCTION|BROKEN|BURNT|OBSTRUCTED|REMOVED|NOT WORKING|NOT INSTALLED|NOT EXTENDED|NOT OPERATING|NOT FUNCTIONING|NOT EFFECTIVE)|MALFUNCTIONING FAN|FAN MALFUNCTION|NO (COOLING )?FANS?|FANS? DOWN|BURNT OUT FAN|REPLACE.*FAN|FAN OBSTRUCTED|FAN DAMAGE|FAN NOT|FANS?.{0,20}TRIPPING|CHANGING FANS"
Ventilation column or duct leakage or distance,True,True,(COLUMN|DUCT|PIPE)S?.*(LEAK|DISTANCE|OVER \d+ ?M|FROM (THE )?FACE)|LEAKAGE[S]? (OVER|PAST|OF|IN|FROM)|EXCESSIVE (VENT(ILATION)? )?(COLUMN )?LEAKAGE|COLUMN LEAKAGE|LEAKING EXCESSIVELY|VENT COLUMN|LEAKAGES? NOT AT 10 ?%
Ore or material accumulation obstructing airflow,True,True,ACCUMULAT|CHOKED|RESTRICT|OBSTRUCT|BLOCKED|TIP COVER|KEPT CLEAR|CONGEST
"Local cooling equipment (cooling car, in-stope cooler)",True,True,COOLING CAR|INSTOPE COOLER|IN-STOPE|COOLER|COILS|COOLING PERFOMANCE|COOLING PERFORMANCE|CHILLED WATER COLUMN|COOLING FAN|ATOMI[SZ]ER|OPTIMIZER|COOLING INSTALLATION|COLING CAR
"Mine-level refrigeration (fridge plant, bulk air cooler, chilled water)",True,True,FRIDGE|BAC\b|BULK AIR|CHILLED WATER TEMP|REFRIGERAT|HIGH DAM TEMP
"Water, wet conditions or fissure heat",True,True,WATER (ON|IN|INTO|CONTROL|PIPES)|EXCESSIVE WATER|STAGNANT|FISSURE|WET\b|SATURATED|HOT WATER|DRAIN|WATER ACCUMULATION
"Work organisation (staff shortage, overtime, long shift, extra task)",False,True,SHORTAGE|OVERTIME|13 HOURS|12 HOURS|LONGER|CONTINUOUSLY|EXTRA WORK|WORKING ALONE|NOT HIS NORMAL JOB|SUPPORT WORK|WALK(ING|ED)? (FOR )?LONG|LONG DISTANCE|FATIGUE|BONUS|DIDN.T WANT TO WITHDRAW|MORE THAN \d+ ?H|LABOUR ABSENT
Drinking-water shortage,False,True,NO WATER SU|LACK OF WATER|1 L OF WATER|NO WATER IN THE AREA
Complaint not acted on or hazard known,False,True,NO ACTION TAKEN|KNOWN TO BE HOT|REPORTED SINCE|FOR A MONTH|FOR 3 MONTHS|NOT REPORTED TO SUPERVISORS|THOUGH IT WAS REPORTED|NO INTERVENTION|COMPLAINED.*REPEATEDLY
"Entry examination, temperature measurement or supervision not done",False,False,NOT CHECKED ON ENTRY|NO EARLY ENTRY|ENTRY EXAM|NO EQUIPMENT TO CHECK|WHIRLING HYGROMETER|NO SUPERVISION|SUPERVISION NOT|NOT TAKING MEASUREMENTS|CHECK COOLING BEFORE
No substandard condition identified,False,True,NO SUBSTANDARD|NONE OBSERVED|NONE NOTED|NOTHING NOTED|WITHIN THE STANDARD|EVERYTHING WAS NORMAL|NO DEVIATION|WORKING PLACE WAS COOL|^NORMAL$|NO SUB STANDARD|CONDITIONS (ARE )?GOOD
"Investigation not done, not applicable or blank",False,,NOT DONE|SEC 11\.5|^N/?A$|REFERRED TO PD449$
