section_code,cases,shaft,levels,vent_controls,vel_deficient,assessable
S01,36,A,120/123,15,5,33
S02,26,A/B,126,10,6,19
S03,19,A,126,12,2,16
S04,19,B,116/118/120,5,0,14
S05,17,A,120/123,10,0,15
S06,11,A/B,116/120/123/126,1,1,9
S07,10,B,116/118/120,2,2,8
S08,5,A,,5,1,5
S09,4,A,123,0,1,3
S10,4,A,126,1,1,3
S11,3,B,112/116/118,1,0,3
S12,2,A,116,0,2,2
S13,2,A,126,0,1,2
S14,2,A/B,120/126,1,0,2
S15,1,A,123,0,0,1
S16,1,A,123,0,0,1
S17,1,B,109,0,0,0
S18,1,B,109,0,0,0
S19,1,A,,0,0,0
S20,1,A,126,0,0,1
S21,1,A,120,0,0,1
