Coded statement (adjudicated),Complaint text,Investigation text,Either source,Heat cramps (either),Body cramps (either),Velocity <0.5 m/s / assessable (investigation-coded),Wet-bulb C median (investigation-coded)
Ventilation controls absent or substandard,10 (5.6%),66 (37.1%),72 (40.4%),70 (53.8%),2 (4.3%),12/65,30.7
"Fan not operating, not installed or obstructed",19 (10.7%),9 (5.1%),25 (14.0%),24 (18.5%),1 (2.2%),0/9,31.0
Ventilation column or duct leakage or distance,1 (0.6%),8 (4.5%),9 (5.1%),9 (6.9%),0 (0.0%),3/8,30.7
Ore or material accumulation obstructing airflow,7 (3.9%),22 (12.4%),27 (15.2%),27 (20.8%),0 (0.0%),3/20,31.5
"Local cooling equipment (cooling car, in-stope cooler)",0 (0.0%),25 (14.0%),25 (14.0%),23 (17.7%),1 (2.2%),3/25,31.5
"Mine-level refrigeration (fridge plant, bulk air cooler, chilled water)",1 (0.6%),10 (5.6%),10 (5.6%),9 (6.9%),1 (2.2%),2/9,31.5
"Water, wet conditions or fissure heat",0 (0.0%),18 (10.1%),18 (10.1%),18 (13.8%),0 (0.0%),2/17,31.5
"Work organisation (staff shortage, overtime, long shift, extra task)",16 (9.0%),4 (2.2%),19 (10.7%),16 (12.3%),3 (6.5%),1/4,30.0
Drinking-water shortage,2 (1.1%),2 (1.1%),4 (2.2%),3 (2.3%),0 (0.0%),2/2,37.0
Complaint not acted on or hazard known,8 (4.5%),0 (0.0%),8 (4.5%),8 (6.2%),0 (0.0%),-,-
"Entry examination, temperature measurement or supervision not done",2 (1.1%),6 (3.4%),8 (4.5%),7 (5.4%),1 (2.2%),0/6,31.2
No substandard condition identified,0 (0.0%),22 (12.4%),22 (12.4%),21 (16.2%),1 (2.2%),1/22,30.1
"Investigation not done, not applicable or blank",,52 (29.2%),,8 (6.2%),43 (93.5%),,
