Field,Recorded value,All cases,Heat cramps,Body cramps
Previous episodes,Previous episode recorded,51 (28.7%),45 (34.6%),6 (13.0%)
Previous episodes,None recorded,120 (67.4%),85 (65.4%),34 (73.9%)
Previous episodes,Not recorded,7 (3.9%),0 (0.0%),6 (13.0%)
Medical condition,Yes,67 (37.6%),48 (36.9%),18 (39.1%)
Medical condition,No,111 (62.4%),82 (63.1%),28 (60.9%)
Control of medical condition,Controlled or acceptable,60 (33.7%),43 (33.1%),16 (34.8%)
Control of medical condition,Poorly or partly controlled,5 (2.8%),5 (3.8%),0 (0.0%)
Control of medical condition,Control not known,2 (1.1%),0 (0.0%),2 (4.3%)
Control of medical condition,No condition recorded,111 (62.4%),82 (63.1%),28 (60.9%)
Recent alcohol use (documented),Sober habits or no recent use,116 (65.2%),77 (59.2%),37 (80.4%)
Recent alcohol use (documented),More than 48 h before,39 (21.9%),35 (26.9%),4 (8.7%)
Recent alcohol use (documented),Within approximately 48 h or affirmed without timing,19 (10.7%),17 (13.1%),2 (4.3%)
Recent alcohol use (documented),Not recorded,4 (2.2%),1 (0.8%),3 (6.5%)
Acute illness at the time,Yes or possible,30 (16.9%),17 (13.1%),12 (26.1%)
Acute illness at the time,No,148 (83.1%),113 (86.9%),34 (73.9%)
Months since last heat-tolerance screening,<=6 months,111 (62.4%),80 (61.5%),29 (63.0%)
Months since last heat-tolerance screening,7-12 months,57 (32.0%),43 (33.1%),14 (30.4%)
Months since last heat-tolerance screening,>12 months,3 (1.7%),3 (2.3%),0 (0.0%)
Months since last heat-tolerance screening,Chronology inconsistent,0 (0.0%),0 (0.0%),0 (0.0%)
Months since last heat-tolerance screening,Not recorded,7 (3.9%),4 (3.1%),3 (6.5%)
