term,rate_ratio,ci_low,ci_high,p,dispersion
Intercept,0.0932807068041038,0.045938086827057564,0.1894134227798993,5.242858577399275e-11,1.3068875322830211
C(weekday)[T.Monday],4.188304824711142,1.98579625012446,8.833684374013288,0.0001687787768957324,1.3068875322830211
C(weekday)[T.Tuesday],6.428878848626227,3.151942027135003,13.112704134308443,3.1089796784561173e-07,1.3068875322830211
C(weekday)[T.Wednesday],3.705921030706896,1.7201747129901432,7.983985918478245,0.0008223937970781564,1.3068875322830211
C(weekday)[T.Thursday],2.204670366568423,0.9702458220803833,5.009628812214822,0.05904810581642415,1.3068875322830211
C(weekday)[T.Saturday],0.1000311889578129,0.01276552414565056,0.783848641868965,0.028392559549956103,1.3068875322830211
C(weekday)[T.Sunday],0.20012710183718,0.043652174868432675,0.9174996895449541,0.03837817179437762,1.3068875322830211
C(year)[T.2024],1.2621392075520725,0.890589612666336,1.7886974613042086,0.19065697385566216,1.3068875322830211
sin,0.8014225883772795,0.6356817174776604,1.0103769661802642,0.061119038566673646,1.3068875322830211
cos,0.9343891290883057,0.7083293390724664,1.2325947781602207,0.6310851004348642,1.3068875322830211
pay,0.9076564611552337,0.6121250999465022,1.3458690904013628,0.6297596758175793,1.3068875322830211
