raise_code,cases,shaft,level,first,last,vent_controls,obstruction,local_cooling,mine_refrig,vel_deficient,assessable,prev_episode
A126-R1,11,A,126,2023-07-24,2024-11-12,7,2,3,0,0,10,0
A126-R2,11,A,126,2023-03-30,2024-06-04,5,2,3,0,2,8,5
A123-R1,9,A,123,2023-03-10,2024-11-12,6,4,1,1,0,8,3
A123-R2,9,A,123,2023-01-12,2024-11-11,3,4,1,0,3,9,5
A123-R3,8,A,123,2023-07-18,2024-11-12,3,1,1,2,0,7,4
A123-R4,8,A,123,2023-04-25,2024-10-08,5,1,3,0,0,8,0
A123-R5,8,A,123,2023-01-31,2024-09-23,5,0,0,0,2,7,0
A126-R3,8,A,126,2023-01-31,2024-02-26,1,0,0,0,2,4,2
B120-R1,7,B,120,2023-07-18,2024-11-12,1,1,0,0,0,6,3
B120-R2,7,B,120,2024-04-16,2024-10-01,4,0,1,1,0,6,2
A126-R4,6,A,126,2023-02-08,2024-09-24,4,1,1,0,2,6,3
A126-R5,5,A,126,2023-03-07,2024-09-03,3,0,0,0,3,4,1
B116-R1,5,B,116,2024-07-17,2024-10-31,0,1,0,0,0,1,0
B118-R1,5,B,118,2024-03-12,2024-11-11,0,0,2,1,0,4,0
A123-R6,4,A,123,2024-02-20,2024-06-05,0,0,0,0,0,2,0
A123-R7,4,A,123,2023-10-16,2024-09-23,2,1,0,0,1,4,2
A123-R8,4,A,123,2023-05-31,2024-09-11,0,0,1,1,1,3,3
B120-R3,4,B,120,2024-06-03,2024-11-12,1,0,0,2,1,2,1
B116-R2,3,B,116,2023-01-10,2023-06-13,0,0,1,1,0,2,0
B120-R4,3,B,120,2023-02-22,2023-08-02,0,1,0,0,0,2,1
B120-R5,3,B,120,2023-07-11,2023-09-27,1,0,0,0,1,3,0
A116-R1,2,A,116,2024-01-04,2024-01-04,0,0,2,0,2,2,0
A120-R1,2,A,120,2023-10-31,2023-11-20,0,0,0,0,0,1,1
A123-R10,2,A,123,2024-09-10,2024-10-08,0,1,1,0,0,2,0
A123-R9,2,A,123,2024-01-11,2024-03-17,1,0,0,0,0,1,1
A126-R6,2,A,126,2024-07-02,2024-08-13,0,0,1,0,0,2,1
A126-R7,2,A,126,2023-12-12,2024-01-10,1,0,0,0,0,1,0
A126-R8,2,A,126,2023-01-12,2023-07-26,2,0,0,0,0,2,2
A126-R9,2,A,126,2023-08-10,2024-02-27,1,1,0,0,0,1,0
B116-R3,2,B,116,2024-04-22,2024-08-13,0,0,1,1,0,2,1
A120-R2,1,A,120,2023-05-23,2023-05-23,1,0,1,0,0,1,0
A120-R3,1,A,120,2024-10-03,2024-10-03,0,0,0,0,0,1,0
A123-R11,1,A,123,2023-03-15,2023-03-15,0,0,0,0,0,0,0
A123-R12,1,A,123,2023-09-18,2023-09-18,0,0,0,0,0,1,1
A126-R10,1,A,126,2024-04-04,2024-04-04,0,0,0,0,1,1,0
B118-R2,1,B,118,2023-02-14,2023-02-14,1,1,0,0,0,1,1
B126-R1,1,B,126,2024-11-11,2024-11-11,0,0,1,0,0,1,1
