source_field,provisional_category,ambiguous,explicit deficiency,mention only
complaint,Complaint not acted on or hazard known,1,7,0
complaint,Drinking-water shortage,0,2,0
complaint,"Entry examination, temperature measurement or supervision not done",0,2,0
complaint,"Fan not operating, not installed or obstructed",1,18,0
complaint,"Local cooling equipment (cooling car, in-stope cooler)",0,2,0
complaint,"Mine-level refrigeration (fridge plant, bulk air cooler, chilled water)",0,1,0
complaint,Ore or material accumulation obstructing airflow,0,7,1
complaint,Ventilation controls absent or substandard,2,9,0
complaint,"Work organisation (staff shortage, overtime, long shift, extra task)",0,16,0
investigation,Drinking-water shortage,2,0,0
investigation,"Entry examination, temperature measurement or supervision not done",1,5,0
investigation,"Fan not operating, not installed or obstructed",0,9,0
investigation,"Local cooling equipment (cooling car, in-stope cooler)",7,17,1
investigation,"Mine-level refrigeration (fridge plant, bulk air cooler, chilled water)",0,10,0
investigation,No substandard condition identified,3,19,0
investigation,Ore or material accumulation obstructing airflow,2,22,2
investigation,Ventilation column or duct leakage or distance,2,9,0
investigation,Ventilation controls absent or substandard,6,58,2
investigation,"Water, wet conditions or fissure heat",1,17,7
investigation,"Work organisation (staff shortage, overtime, long shift, extra task)",1,3,0
