time,wet_bulb_C,dry_bulb_C,air_velocity_m_s,degraded_control_period
2026-02-18 06:00:00,29.6,31.95,1.046,False
2026-02-18 06:05:00,29.64,31.96,1.044,False
2026-02-18 06:10:00,29.68,32.15,1.015,False
2026-02-18 06:15:00,29.69,32.16,1.084,False
2026-02-18 06:20:00,29.64,32.0,1.072,False
2026-02-18 06:25:00,29.67,32.1,1.072,False
2026-02-18 06:30:00,29.73,32.09,1.077,False
2026-02-18 06:35:00,29.65,32.21,1.057,False
2026-02-18 06:40:00,29.66,31.96,1.114,False
2026-02-18 06:45:00,29.76,32.08,1.074,False
2026-02-18 06:50:00,29.84,32.03,1.067,False
2026-02-18 06:55:00,29.52,32.08,1.052,False
2026-02-18 07:00:00,29.75,32.07,1.131,False
2026-02-18 07:05:00,29.71,32.02,1.097,False
2026-02-18 07:10:00,29.79,32.15,1.099,False
2026-02-18 07:15:00,29.76,32.16,1.091,False
2026-02-18 07:20:00,29.79,31.96,1.059,False
2026-02-18 07:25:00,29.84,32.19,1.104,False
2026-02-18 07:30:00,29.83,32.18,1.081,False
2026-02-18 07:35:00,29.88,32.26,1.077,False
2026-02-18 07:40:00,29.81,32.13,1.119,False
2026-02-18 07:45:00,29.78,32.2,1.09,False
2026-02-18 07:50:00,29.74,32.08,1.082,False
2026-02-18 07:55:00,29.86,32.06,1.06,False
2026-02-18 08:00:00,29.86,32.2,1.067,False
2026-02-18 08:05:00,29.86,32.06,1.098,False
2026-02-18 08:10:00,29.92,32.05,1.104,False
2026-02-18 08:15:00,29.83,32.1,1.108,False
2026-02-18 08:20:00,29.88,32.09,1.086,False
2026-02-18 08:25:00,29.98,32.04,1.09,False
2026-02-18 08:30:00,29.85,32.14,1.113,False
2026-02-18 08:35:00,29.89,32.09,1.078,False
2026-02-18 08:40:00,30.01,32.11,1.064,False
2026-02-18 08:45:00,30.06,32.13,1.102,False
2026-02-18 08:50:00,29.79,32.14,1.107,False
2026-02-18 08:55:00,29.85,32.03,1.071,False
2026-02-18 09:00:00,29.94,32.14,1.137,False
2026-02-18 09:05:00,29.95,32.21,1.089,False
2026-02-18 09:10:00,29.94,32.06,1.085,False
2026-02-18 09:15:00,29.94,32.0,1.124,False
2026-02-18 09:20:00,29.78,31.86,1.085,False
2026-02-18 09:25:00,29.91,31.87,1.083,False
2026-02-18 09:30:00,29.82,32.0,1.0,True
2026-02-18 09:35:00,29.95,31.97,0.976,True
2026-02-18 09:40:00,30.12,32.12,0.952,True
2026-02-18 09:45:00,30.1,32.21,0.928,True
2026-02-18 09:50:00,30.2,32.19,0.904,True
2026-02-18 09:55:00,30.2,32.11,0.879,True
2026-02-18 10:00:00,30.38,32.13,0.855,True
2026-02-18 10:05:00,30.19,32.2,0.831,True
2026-02-18 10:10:00,30.46,32.39,0.807,True
2026-02-18 10:15:00,30.44,32.42,0.783,True
2026-02-18 10:20:00,30.51,32.4,0.759,True
2026-02-18 10:25:00,30.67,32.44,0.735,True
2026-02-18 10:30:00,30.59,32.57,0.711,True
2026-02-18 10:35:00,30.76,32.5,0.686,True
2026-02-18 10:40:00,30.7,32.67,0.662,True
2026-02-18 10:45:00,30.87,32.62,0.638,True
2026-02-18 10:50:00,30.9,32.61,0.614,True
2026-02-18 10:55:00,30.94,32.64,0.59,True
2026-02-18 11:00:00,30.97,32.76,0.566,True
2026-02-18 11:05:00,31.07,32.81,0.542,True
2026-02-18 11:10:00,31.13,32.71,0.518,True
2026-02-18 11:15:00,31.13,32.94,0.493,True
2026-02-18 11:20:00,31.24,32.71,0.469,True
2026-02-18 11:25:00,29.37,32.0,1.09,False
2026-02-18 11:30:00,29.31,31.88,1.089,False
2026-02-18 11:35:00,29.35,32.02,1.122,False
2026-02-18 11:40:00,29.17,31.67,1.079,False
2026-02-18 11:45:00,29.27,31.74,1.115,False
2026-02-18 11:50:00,29.04,31.96,1.103,False
2026-02-18 11:55:00,29.29,31.96,1.099,False
2026-02-18 12:00:00,29.24,31.81,1.112,False
2026-02-18 12:05:00,29.19,31.79,1.072,False
2026-02-18 12:10:00,29.36,31.93,1.09,False
2026-02-18 12:15:00,29.23,31.87,1.06,False
2026-02-18 12:20:00,29.31,31.83,1.127,False
2026-02-18 12:25:00,29.24,31.81,1.105,False
2026-02-18 12:30:00,29.15,31.96,1.087,False
2026-02-18 12:35:00,29.21,31.98,1.132,False
2026-02-18 12:40:00,29.15,32.01,1.104,False
2026-02-18 12:45:00,28.97,32.0,1.116,False
2026-02-18 12:50:00,29.24,31.8,1.065,False
2026-02-18 12:55:00,29.3,31.86,1.089,False
2026-02-18 13:00:00,29.32,32.02,1.084,False
2026-02-18 13:05:00,29.09,31.79,1.124,False
2026-02-18 13:10:00,29.23,31.93,1.116,False
2026-02-18 13:15:00,28.98,31.93,1.109,False
2026-02-18 13:20:00,29.22,31.83,1.082,False
2026-02-18 13:25:00,29.1,31.91,1.125,False
2026-02-18 13:30:00,29.23,31.99,1.069,False
2026-02-18 13:35:00,29.15,32.08,1.082,False
2026-02-18 13:40:00,29.0,31.85,1.093,False
2026-02-18 13:45:00,29.04,31.86,1.094,False
2026-02-18 13:50:00,29.02,31.93,1.119,False
2026-02-18 13:55:00,29.11,31.75,1.1,False
2026-02-18 14:00:00,29.16,31.9,1.126,False
